tfidf_similarity,skill_match_pct,experience_years,education_level,total_skills_count,label
0.041586405699451025,25.2055198121378,2,1,7,Weak Match
0.6718535433736996,80.689109781725,5,4,10,Strong Match
0.08942953315140643,19.420947636535175,1,3,8,Weak Match
0.5315730336131452,69.27435389010158,4,4,16,Strong Match
0.5196713662654354,84.52032230855922,3,4,10,Strong Match
0.2593556722280862,0.0,2,2,4,Weak Match
0.22801611588196063,12.284757760940247,2,2,4,Weak Match
0.6251430653465625,83.65762028563195,9,5,20,Strong Match
0.6213335525320282,80.92424653790295,5,3,12,Strong Match
0.1872450879622466,40.13385916296817,0,2,1,Weak Match
0.6336186949926349,72.47233474848255,7,4,6,Strong Match
0.4653725297892947,42.46527679535167,4,2,7,Moderate Match
0.28071225966373103,10.317445603546377,2,3,8,Weak Match
0.9672897509858385,99.06409010931846,4,5,16,Strong Match
0.1329379790923355,38.70958360077194,1,2,5,Weak Match
0.23080505395041023,17.30021719093851,1,2,6,Weak Match
0.2721562505126144,19.229603513862774,3,1,7,Weak Match
0.7500591420415051,82.1573785139637,3,4,15,Strong Match
0.47406830366771313,68.08092289200201,0,3,10,Moderate Match
0.13052868689109418,17.088610742642754,0,2,2,Weak Match
0.10838080845187575,12.018133501234663,1,1,7,Weak Match
0.34872461553359274,15.039361103559484,1,3,6,Weak Match
0.32437068207816727,59.513138535382005,5,4,11,Moderate Match
0.059368253632816614,21.002733128455663,0,3,5,Weak Match
0.6192333789383069,70.80728825467173,0,3,10,Strong Match
0.5109918556005361,29.280676709634193,1,3,7,Weak Match
0.2859587886979802,17.354432202525825,1,2,1,Weak Match
0.3694051958474338,51.64224300611976,5,4,7,Moderate Match
0.6615449539482364,70.89127290913358,2,4,10,Strong Match
0.42132814809963665,46.86445823459437,2,2,13,Moderate Match
0.3448499229892926,17.68277625053097,0,2,5,Weak Match
0.24037300903366096,21.709652723309006,0,3,1,Weak Match
0.3804348109786743,19.709154499272415,2,1,2,Weak Match
0.4034758128076819,56.002115470148674,3,4,15,Moderate Match
0.6643898768625045,72.41124295715692,5,2,7,Strong Match
0.44725583252413414,38.00976874787125,1,4,10,Moderate Match
0.31210306673244714,22.002484779018367,1,2,5,Weak Match
0.7573089078717605,95.70427460339462,7,4,13,Strong Match
0.5560391924984007,61.13252029778788,0,4,13,Moderate Match
0.722520460995931,86.18343565553957,4,4,13,Strong Match
0.002070018962421227,30.974923073410405,0,2,11,Weak Match
0.6934836480560133,85.3700004005211,6,3,11,Strong Match
0.2514254756017835,28.86468930056973,1,3,3,Weak Match
0.26721757142594704,44.175094138197764,3,5,8,Moderate Match
0.7695337112323798,87.86472191993388,9,4,10,Strong Match
0.7380472543771449,82.10107170932591,9,5,11,Strong Match
0.7796056983613479,76.34082838594578,6,5,13,Strong Match
0.8317536142939438,67.92938972132833,4,4,17,Strong Match
0.16839271439729503,29.389253797253698,3,2,3,Weak Match
0.489747454164115,77.68183349460939,5,5,13,Strong Match
0.7823215817089406,96.39286695603093,4,4,16,Strong Match
0.41306661180563997,55.068104587295146,3,5,8,Moderate Match
0.7271062120817385,78.16715150295535,4,4,13,Strong Match
0.2825098264667635,11.594437411469197,0,2,1,Weak Match
0.6228140658539367,42.53050777117022,6,3,4,Moderate Match
0.7754524169115925,80.38871634688164,3,4,12,Strong Match
0.49909509224020254,62.64507639917158,3,4,16,Strong Match
0.7316493059217648,89.62373988639467,3,4,12,Strong Match
0.51274025856426,43.9681999448599,2,5,14,Moderate Match
0.6121902394381971,83.90303005807807,1,5,18,Strong Match
0.3072978047766012,50.36646993543233,0,1,5,Weak Match
0.4469967649505827,63.44872818880402,5,4,9,Moderate Match
0.8331729081413833,56.18254071711961,1,3,12,Moderate Match
0.2271495310825648,28.61771530287428,2,3,1,Weak Match
0.6636989217474354,57.442385650909465,8,4,18,Strong Match
0.7662380855674604,67.3937107655864,5,4,9,Strong Match
0.2363631882624968,32.64264868116761,0,1,5,Weak Match
0.6323560041939436,80.59750307498369,5,3,22,Strong Match
0.4626450607375152,33.323643071145135,1,3,4,Moderate Match
0.33744380931708173,0.0,6,3,5,Weak Match
0.36399645293713934,30.905529892862706,1,1,4,Weak Match
0.17587423453814577,30.070884414432772,4,2,2,Weak Match
0.48591510964877904,70.22437805158317,6,3,6,Moderate Match
0.48705996151187564,75.83100922489334,3,5,10,Moderate Match
0.5331726728715773,54.47018177388115,2,2,9,Moderate Match
0.5965240434630423,60.14936784856062,2,2,7,Moderate Match
0.46926887772598375,52.042644282147805,3,4,11,Moderate Match
0.7478459924829163,60.62298790203211,1,3,13,Strong Match
0.09141748711148145,30.15247939547804,0,3,6,Weak Match
0.26687416555925125,8.899589486328228,0,3,7,Weak Match
0.804930232254657,71.25039868926879,6,5,16,Strong Match
0.8053937853706667,64.50429489794557,1,5,15,Strong Match
0.12415046652999306,19.235191429530794,0,3,8,Weak Match
0.47435076250215596,30.779582390038755,6,5,7,Moderate Match
0.3356005670089545,53.717384423927136,6,3,8,Moderate Match
0.7124785083272194,89.46170784601486,2,4,11,Strong Match
0.49424079706474816,46.49325662741695,3,4,9,Moderate Match
0.29653974845911707,36.83356866167461,1,2,3,Weak Match
0.44743592467818766,41.539036491930474,0,4,11,Moderate Match
0.505196657152694,42.51198482347051,7,3,7,Moderate Match
0.24477169258102774,3.1494861751780086,0,1,5,Weak Match
0.09706284918179285,5.767956569877587,0,3,3,Weak Match
0.15169389483165607,23.761516143826594,3,3,4,Weak Match
0.46359244926453175,31.864108303556865,4,2,14,Moderate Match
0.13836385919605226,17.497643436112757,1,3,6,Weak Match
0.03836893915634121,9.355810970243748,0,3,10,Weak Match
0.578008978480107,53.52921386687879,4,4,20,Strong Match
0.627918292453434,88.46784764064813,5,5,10,Strong Match
0.04018756481162525,27.546071992983315,4,1,5,Weak Match
0.8186283005250268,79.04456481885805,4,4,6,Strong Match
0.30312716798852923,52.47716855562916,1,3,4,Moderate Match
0.09849058081721314,12.269709865475942,0,2,6,Weak Match
0.5443782062241458,81.55344332477492,5,4,13,Strong Match
0.4149826477301347,30.1153286782468,4,3,8,Moderate Match
0.6080538080807838,50.3470406221249,0,2,12,Moderate Match
0.7336220814301497,85.94556809425255,8,3,22,Strong Match
0.395612634080727,61.749424264394015,4,3,13,Moderate Match
0.45186948570977614,36.652148783467176,0,5,6,Moderate Match
0.4145518307833165,54.3584536677746,5,2,12,Moderate Match
0.6511605591743717,71.4376927051153,4,3,11,Strong Match
0.8055598116206866,75.11609522210239,4,4,15,Strong Match
0.1486786433528415,19.256801015919777,0,1,4,Weak Match
0.16776795307886602,36.60590224990596,3,3,3,Weak Match
0.9828546750971974,66.11356409843174,3,4,11,Strong Match
0.24395012306202266,31.34723804214537,2,4,4,Weak Match
0.3591845893716647,32.09465066561419,6,3,8,Moderate Match
0.6466940166532881,75.48781139707017,1,4,13,Moderate Match
0.5628925425585859,38.24517649046366,2,4,6,Moderate Match
0.7497864703560403,72.48766920551707,2,4,10,Strong Match
0.78850686128318,91.62678768216719,7,4,12,Strong Match
0.5697612131831583,11.452424705288351,7,3,12,Moderate Match
0.7532318911048346,44.567837179115514,2,4,11,Moderate Match
0.4280524270674192,71.24826986807459,1,2,7,Moderate Match
0.6356188289848935,77.58013811403646,9,3,21,Strong Match
0.571178050721116,42.365895167511866,7,4,8,Moderate Match
0.5656904601946029,68.65258684494496,0,4,11,Moderate Match
0.07792875740858414,15.90231762823227,1,2,9,Weak Match
0.47374929401551774,42.880147949397724,2,3,10,Moderate Match
0.5169042444342217,96.35460383352736,4,3,9,Strong Match
0.5013968516649179,49.37998028993632,4,4,16,Moderate Match
0.6342778298368359,100.0,6,3,16,Strong Match
0.6710309552374139,53.542505577865754,2,2,12,Strong Match
0.3059936384046622,29.404071394920372,2,1,8,Weak Match
0.13907492494261084,44.35257772446524,3,2,9,Moderate Match
0.6572732375377153,90.58811071004267,3,3,7,Strong Match
0.48574946405729974,76.17857885957301,6,4,11,Strong Match
0.5271267311841052,70.60813542185404,3,4,8,Moderate Match
0.8149238336451656,67.08735054246313,8,3,16,Strong Match
0.6597891547698556,88.9848254124249,5,3,16,Strong Match
0.21294401203753546,38.84930448653744,2,2,10,Moderate Match
0.7185303872583703,67.23294754217002,5,3,17,Strong Match
0.6520713229749443,45.57562031983484,5,3,8,Moderate Match
0.055035478030146995,10.937682242496244,0,2,5,Weak Match
0.6869937963418027,50.376946023172984,1,5,20,Strong Match
0.2803542603714024,50.442835141118195,1,2,12,Moderate Match
0.6336900998812437,69.06266592376244,2,4,9,Moderate Match
0.7561856810800335,77.58345876353708,2,5,17,Strong Match
0.42711811190839843,55.04406022451612,4,3,9,Moderate Match
0.3421838421850755,52.394536203167796,2,4,10,Moderate Match
0.24384757388097275,22.23539989232788,2,3,3,Weak Match
0.733310710765184,64.18807707093237,5,3,12,Strong Match
0.7606195688993297,73.01654503319038,6,5,14,Strong Match
0.8506740716360839,78.77136022914556,2,3,16,Strong Match
0.6936393734594986,82.28535085814096,8,3,10,Strong Match
0.16793323744428085,43.54253627094786,1,3,6,Weak Match
0.054244850053506946,18.28949107540164,0,3,9,Weak Match
0.6525254964910833,65.84602655598691,5,3,8,Strong Match
0.4414078488703123,51.47888868886222,4,3,11,Moderate Match
0.21838495447536949,43.60613417813025,3,2,3,Weak Match
0.6205205986893513,71.27782751763637,6,4,13,Strong Match
0.7303907744967479,76.13187317529504,7,4,15,Strong Match
0.3213433185617272,11.101093231075497,3,4,1,Moderate Match
0.21647608412365169,22.610652422272217,1,2,4,Weak Match
0.8138187446132772,63.15659146946302,1,4,15,Strong Match
0.3533433701296326,4.912514170598259,1,2,6,Weak Match
0.22612505312338563,17.568674329045564,1,1,6,Weak Match
0.533920388272064,78.82275569767233,2,4,10,Strong Match
0.5734987620034773,80.50636314005706,0,3,14,Strong Match
0.3192507512477975,0.6569489919217979,1,2,4,Weak Match
0.8202830534478169,64.44351774410859,6,5,4,Strong Match
0.805680059291051,83.67885149488254,4,3,7,Strong Match
0.8496936870665546,88.00706585458686,6,4,7,Strong Match
0.22634872153310598,25.530689548161924,1,1,2,Weak Match
0.728587948466327,72.2681106388186,6,4,18,Strong Match
0.7222102055027462,98.1172477473034,5,4,17,Strong Match
0.6653469436221345,44.7534418134936,3,3,12,Moderate Match
0.03375080119643257,34.39055445209989,3,1,3,Weak Match
0.4555723857787379,32.96201402628113,4,4,15,Moderate Match
0.7569362122670471,57.477979288120494,1,4,14,Strong Match
0.09723248590740419,37.18849409037641,0,3,6,Weak Match
0.022696753179311857,37.1430580085679,0,2,3,Weak Match
0.2232551122865363,45.667711530512925,0,1,11,Moderate Match
0.20599326302663284,25.328523255498304,3,1,1,Weak Match
0.42488115874177607,42.63298165876117,5,2,14,Moderate Match
0.23476764835383365,16.153257230637372,0,2,1,Weak Match
0.7927211941614767,62.6348477700446,9,2,20,Strong Match
0.2441940649569409,8.915211070685848,3,2,5,Weak Match
0.7023531142197433,68.09403363848986,4,4,11,Strong Match
0.37493247581885647,57.54124946812372,3,3,7,Moderate Match
0.4440643548417081,61.44747289033245,0,3,9,Moderate Match
0.2887290837266742,12.840566749857022,1,3,4,Weak Match
0.3395683810789957,15.253983681060374,1,1,2,Weak Match
0.13248217250256186,20.265775951413787,0,2,1,Weak Match
0.4481628180992405,60.110080994415235,3,2,12,Moderate Match
0.6243725693435428,84.92486552616649,4,4,11,Strong Match
0.40450467108150157,49.14987495856693,1,2,7,Moderate Match
0.6979219996376784,78.22120719678472,5,3,10,Strong Match
0.9557670159499667,78.42316262366074,3,4,13,Strong Match
0.6509234608514671,79.46411777574434,11,4,18,Strong Match
0.23615035252061017,8.27528551215206,1,2,4,Weak Match
0.25752050161065665,28.007988656574515,1,2,3,Weak Match
0.6301816156132135,96.61382370627028,5,5,14,Strong Match
0.43442151603198886,52.613360607707534,2,4,15,Moderate Match
0.6244061372541241,74.11401004022997,1,3,8,Moderate Match
0.5417327552355633,81.2046031904311,7,4,18,Strong Match
0.41626796485368545,77.16761137589332,4,2,10,Moderate Match
0.414292379596801,71.25989538636267,2,3,8,Moderate Match
0.722941220911073,83.97597949494539,8,5,22,Strong Match
0.015381213776190616,10.84586967769108,0,2,4,Weak Match
0.012482753035425544,23.380312949769007,1,3,5,Weak Match
0.48970562786573485,63.66940546252494,0,3,12,Moderate Match
0.6587980321374303,74.76150077647955,2,3,15,Strong Match
0.43798151082240566,49.14856749752248,1,2,8,Moderate Match
0.6907311465790947,80.86105007290956,5,4,10,Moderate Match
0.46700602963678856,84.47061355974373,3,3,8,Moderate Match
0.2043602446372454,42.34061248516904,0,2,2,Weak Match
0.30701502383164275,21.68174488901128,0,2,2,Weak Match
0.31243855283775746,56.236896513346466,1,3,9,Moderate Match
0.11567534046838086,48.05131260997376,1,2,6,Weak Match
0.5410714307744118,55.93667993557126,3,3,6,Moderate Match
0.3732514999485092,48.77560175431159,2,3,1,Weak Match
0.42924647280918926,75.96391872199281,0,1,13,Moderate Match
0.7950800817318007,67.7141093230046,2,4,13,Strong Match
0.5442960190380999,57.956405864989506,1,3,8,Moderate Match
0.6828544272823212,81.91359626690542,1,5,13,Strong Match
0.18687430329076954,22.922222595505218,1,2,5,Weak Match
0.30748818971645847,56.33748994317838,4,3,8,Moderate Match
0.1338017822203391,27.11064647431643,1,2,6,Weak Match
0.4868888037370921,63.420320975550155,4,2,8,Moderate Match
0.6368508485687214,88.79519850519901,5,4,16,Strong Match
0.6705747640653039,72.14872531113008,3,4,12,Strong Match
0.8003607058596046,82.39917895316218,2,3,9,Strong Match
0.18099609649985057,17.710654926274874,1,4,1,Weak Match
0.6477952065324724,100.0,4,3,17,Strong Match
0.39011906857530076,21.27207023422455,0,1,1,Weak Match
0.1776534017628148,17.80819844658163,1,2,7,Weak Match
0.2586693801475275,16.301156120529708,2,1,5,Weak Match
0.7715541862959103,80.49225224595733,5,3,9,Strong Match
0.6092120104666915,61.779784732604,2,5,10,Strong Match
0.671604879088324,60.17499459456349,2,4,12,Moderate Match
0.2089580681255249,19.631938956312087,1,2,8,Weak Match
0.5788358099831726,37.628785808245155,3,2,12,Moderate Match
0.2104355937523213,11.214591420122462,0,2,7,Weak Match
0.7588900763273754,73.3790126350042,3,4,18,Strong Match
0.2696954404510736,17.99416612292788,3,3,4,Weak Match
0.8106469470990907,84.01100625149257,2,4,17,Strong Match
0.7947419918816998,65.18855484740887,4,4,16,Strong Match
0.6664182057519574,88.27678553188167,5,3,14,Strong Match
0.5453117615546192,34.43994807563051,3,2,10,Moderate Match
0.4781057679043824,73.70700689939707,1,4,8,Moderate Match
0.30971527117536957,16.25395052789915,0,3,3,Weak Match
0.5366857629393326,46.78033587071526,6,3,9,Moderate Match
0.18441018220633326,15.42055244211279,1,3,8,Weak Match
0.4750059369537063,23.41571184205993,2,2,5,Moderate Match
0.5619108998247708,32.14287973893756,0,1,12,Moderate Match
0.20005279588565975,29.21448098714938,0,1,3,Weak Match
0.7435014306117218,66.25952666861961,6,2,18,Strong Match
0.19451059993837136,25.426648898291884,2,3,6,Weak Match
0.7767116978895652,81.07235681176651,7,5,18,Strong Match
0.27307641190665244,22.17127681403721,0,2,7,Weak Match
0.48390959405859596,48.51832423343034,6,3,11,Moderate Match
0.7355065418370272,79.31273753525872,6,4,14,Strong Match
0.18714624885610692,0.0,0,2,5,Weak Match
0.704649889022308,66.5335147127949,0,4,10,Strong Match
0.8523962258419826,79.37073178394448,5,4,13,Strong Match
0.5028569685552479,51.72507081502646,4,3,13,Moderate Match
0.07495922660302826,29.254183916264402,2,2,3,Weak Match
0.5493295548482791,70.24112538908967,2,5,17,Strong Match
0.47596600389110777,26.708991606145204,0,2,1,Weak Match
0.7985238787624869,77.33298394907455,5,3,23,Strong Match
0.48348258309244074,60.51055113603155,3,3,9,Moderate Match
0.6080872878761191,54.766394465693594,7,2,14,Moderate Match
0.38310098579906,32.82275828589291,2,5,6,Moderate Match
0.5806498343645023,78.38420828308452,6,3,5,Moderate Match
0.3837770224929064,87.81478999935553,1,3,13,Moderate Match
0.3373658545162958,20.350617824467697,2,4,8,Weak Match
0.07704504055475832,27.96039067883826,0,2,12,Weak Match
0.16114815469111143,35.48935263983216,2,1,6,Weak Match
0.514595529485956,67.01510272233723,2,2,5,Moderate Match
0.6586541188282578,66.12474215689703,4,4,18,Strong Match
0.31299730630397943,49.28876757008395,1,1,8,Moderate Match
0.493795320295947,85.64781819333585,2,3,12,Moderate Match
0.232674476460232,25.60569231532994,2,1,8,Weak Match
0.44031401038697016,53.10089266442527,0,4,10,Moderate Match
0.6872731716302796,45.63736028470114,4,4,16,Strong Match
0.23764095260975168,11.175381347709875,0,3,1,Weak Match
0.3718371727449805,44.59936645550341,4,4,9,Moderate Match
0.16416598479787778,14.229498332378087,2,2,3,Weak Match
0.2964851633097458,41.38699388257878,0,2,4,Weak Match
0.2387084689013019,62.546782695463456,3,4,11,Moderate Match
0.06799774887792942,14.658770909136575,1,2,2,Weak Match
0.5935957783974781,43.46303933952865,2,3,6,Moderate Match
0.10283432654587142,5.4445820225328365,0,3,7,Weak Match
0.23506300992735593,27.870245561771963,2,3,6,Weak Match
0.7547729828275695,100.0,7,4,18,Strong Match
0.5278451865107572,49.66034687556404,3,4,6,Moderate Match
0.25863563192798456,59.19040149197603,1,2,1,Moderate Match
0.08885420430629681,24.95805734118406,2,3,9,Weak Match
0.16304730711666418,20.422328851939987,2,2,1,Weak Match
0.3340461051790348,6.405025156868828,2,3,1,Weak Match
0.14558859978858074,20.04648512713247,1,1,7,Weak Match
0.7427702887607127,71.37981945914726,4,4,11,Moderate Match
0.49408386081794137,64.79018476726549,1,4,8,Moderate Match
0.6579253859879554,94.91216928222696,10,4,12,Strong Match
0.8066006476851881,64.45137874539326,3,4,9,Strong Match
0.31099623729689496,73.04757622474011,4,3,9,Moderate Match
0.4966294325437157,86.90199324405907,2,4,9,Moderate Match
0.1500713142151713,84.07319601627037,0,1,12,Moderate Match
0.45466376291905375,80.82737469730279,6,3,18,Strong Match
0.8108386339974422,66.9340161098685,7,5,15,Strong Match
0.22383689827347852,33.70237155738916,2,2,8,Weak Match
0.582663111954958,68.61842427784532,4,2,13,Moderate Match
0.03924401356310259,12.847302657205429,0,1,7,Weak Match
0.2513085420097293,30.701149442175964,2,2,6,Weak Match
0.5214171993761076,87.87804700754297,5,3,8,Strong Match
0.21403720927487982,80.78689981916452,0,3,8,Moderate Match
0.11807421402785023,16.285349517464095,2,2,5,Weak Match
0.7256878405579696,67.67503961659257,4,5,11,Strong Match
0.13537726901561972,43.30373071131414,0,3,8,Weak Match
0.5796057678857578,45.737493460777486,5,3,11,Moderate Match
0.7327716273230276,74.94027339094974,8,2,18,Strong Match
0.24367385517335094,26.85153705954037,3,1,7,Weak Match
0.9977590280008211,55.59281768889902,6,3,12,Strong Match
0.3051947617722919,10.023272472227045,0,2,10,Weak Match
0.5742973664654721,91.89733048200081,6,4,16,Strong Match
0.5613408153697484,52.79818374855918,3,5,10,Moderate Match
0.8842357869038818,66.42091847303874,6,5,6,Strong Match
0.30073641175304583,42.2993272308573,1,4,8,Moderate Match
0.38337605679681624,78.33619897216826,0,1,10,Moderate Match
0.14573262002659784,12.546594977101133,0,2,3,Weak Match
0.8463783423999484,77.52533815372014,6,4,14,Strong Match
0.6624990914585652,75.7720922800342,2,3,17,Strong Match
0.8192619898843229,78.15602270253488,8,4,24,Strong Match
0.7472951921524955,93.68571305138914,0,4,15,Strong Match
0.3752231368290283,44.22332033175643,1,4,13,Moderate Match
0.7453220960643142,76.8394426575553,3,4,13,Strong Match
0.2800409525227683,31.051495957762896,3,3,6,Weak Match
0.3107080669286973,20.55542603255682,0,3,3,Weak Match
0.3252112887449363,60.57883467087598,0,2,14,Moderate Match
0.6901156752532346,84.9186835566692,5,5,18,Strong Match
0.6618919112560498,93.20293379023947,3,4,17,Strong Match
0.4650269403177489,45.988322424246455,3,4,9,Moderate Match
0.30473177066214485,36.03507990913328,1,2,1,Weak Match
0.25462842480036996,22.077067237731253,0,2,4,Weak Match
0.5484578617436837,59.10183643550217,5,4,13,Moderate Match
0.6074609952101853,84.18042320650392,6,4,29,Strong Match
0.19861622539057627,13.723266711229911,0,4,1,Weak Match
0.3642672953255964,11.192551184225575,2,2,6,Weak Match
0.4191148155091986,28.63982296571374,3,4,7,Moderate Match
0.609383297021887,59.78722013160924,3,5,7,Moderate Match
0.5809572144713123,60.52793369270048,0,3,12,Moderate Match
0.28508979621679725,20.35153853920724,2,2,5,Weak Match
0.8958778522705865,75.29068439416157,5,3,11,Strong Match
0.46602490857387385,49.86542229067239,4,4,6,Moderate Match
0.21058944531152343,29.012955765669812,4,1,9,Weak Match
0.831141305703797,100.0,1,4,11,Strong Match
0.4885628658540328,57.906890559293984,6,3,8,Moderate Match
0.3489863438602082,2.7891522582818133,0,2,1,Weak Match
0.31563961264486273,33.874459339907325,5,3,10,Moderate Match
0.38151044475006285,40.3470219765408,3,2,10,Moderate Match
0.7190432830420059,95.75932966668032,5,3,20,Strong Match
0.43338528192194714,34.85982469194888,2,2,7,Moderate Match
0.3907492100206425,30.207853418763484,2,5,11,Moderate Match
0.7340792859970539,93.3319787494611,3,4,13,Strong Match
0.7960702826781613,53.69828896010871,5,3,17,Strong Match
0.6030381995727214,87.44501524490943,7,3,17,Strong Match
0.40954968346583526,43.41236271042684,2,3,9,Moderate Match
0.4015621844109604,38.628283889109056,3,5,5,Moderate Match
0.6179226523903203,64.94487156077876,3,2,11,Moderate Match
0.13153701742399962,31.487507189953224,0,3,1,Weak Match
0.9059921286021048,68.60096049196515,4,4,9,Strong Match
0.4412615421612916,31.415251454776286,1,2,5,Weak Match
0.33103291806524315,21.852538409547993,1,2,13,Moderate Match
0.36982914556283414,65.88859289351132,2,2,10,Moderate Match
0.5295457522400895,68.42863400479455,3,2,10,Moderate Match
0.6975754027006369,72.72322730070991,8,4,18,Strong Match
0.254711911517521,7.830246216293862,3,3,7,Weak Match
0.6766840601017103,91.91195764037097,2,4,16,Strong Match
0.6938782556127335,91.18532222384628,7,4,19,Strong Match
0.6266619974890949,64.67308985441005,9,5,19,Strong Match
0.6797058360851845,98.02825830347271,4,3,13,Strong Match
0.10362410737893891,10.514189021259485,2,2,5,Weak Match
0.8086159895994492,80.05641937427964,4,4,8,Strong Match
0.508167938075337,40.15100683012777,1,4,7,Moderate Match
0.24215866106144557,32.06728600563535,0,2,1,Weak Match
0.7316395157991261,85.14188430524297,2,5,9,Strong Match
0.5434033291399966,44.283399971400534,1,3,8,Moderate Match
0.7633674726610097,96.45643879759163,4,5,3,Strong Match
0.7413241201119904,61.97586769547878,5,4,16,Strong Match
0.7629344832417939,84.72941431641881,7,5,8,Strong Match
0.1629988970117872,18.894447247994773,3,3,4,Weak Match
0.2698828420202535,27.051675332672676,2,2,1,Weak Match
0.18061738612271966,18.825821904272672,0,3,1,Weak Match
0.4081617438710569,47.110392139542,2,5,10,Moderate Match
0.472161636703789,33.14023194658425,1,4,7,Moderate Match
0.2987334516589102,21.088587716289727,1,2,2,Weak Match
0.1824145595567929,41.93764198873622,1,2,1,Weak Match
0.3187679388461564,16.42459243241928,1,2,4,Weak Match
0.47158729813841743,71.48803200882439,4,1,6,Moderate Match
0.638878411594804,34.83928071796723,0,3,12,Moderate Match
0.5426038452778014,12.120403311178944,5,1,7,Moderate Match
0.527793652061263,50.30672591949106,3,2,7,Moderate Match
0.24620608932518967,31.400686111391146,1,2,9,Weak Match
0.3048430777570554,75.41601341572785,3,2,8,Moderate Match
0.3749583904205421,38.57744894428584,0,3,3,Weak Match
0.25646059258936005,9.764027935694614,1,2,5,Weak Match
0.435390298994006,73.18829640538983,4,2,14,Moderate Match
0.0,30.134503834370893,0,1,6,Weak Match
0.2718122437860116,16.245104111372633,4,2,8,Moderate Match
0.49721824625060995,64.53270508038825,4,4,7,Moderate Match
0.6828993451837633,80.66560525960455,3,5,10,Strong Match
0.811076306459192,68.72609742554914,4,3,14,Strong Match
0.5016049976629283,66.42396835644578,3,3,8,Moderate Match
0.22132937073729386,22.01446570434669,0,3,7,Weak Match
0.42105167305724045,56.928775551200154,0,4,8,Moderate Match
0.5062529107290029,38.02260385136392,3,4,12,Moderate Match
0.4381332416170629,64.86707076182876,2,3,9,Moderate Match
0.5034141479202577,58.46949074540205,5,4,10,Strong Match
0.5702660181642181,97.58893564717962,1,3,14,Strong Match
0.16303896639563661,26.52520472682624,1,3,4,Weak Match
0.6919035651660983,96.9505537860887,6,3,16,Strong Match
0.24724062778803774,39.80939234243158,2,2,4,Weak Match
0.28187776437548606,40.455183020950635,0,1,8,Weak Match
0.6798598516990861,72.30065626606853,3,5,15,Strong Match
0.19242357134645402,30.04576740689455,0,1,7,Weak Match
0.5286686809446759,70.80749972455473,5,4,12,Strong Match
0.5023588403608839,52.532048694354806,3,4,5,Moderate Match
0.6132582684449371,68.21027658041474,4,4,15,Strong Match
0.29257965211798087,37.088408716944784,2,2,8,Moderate Match
0.14263982271030992,23.22227554314384,3,1,1,Weak Match
0.27082144232565575,24.79859357516202,2,2,3,Weak Match
0.6248552601285187,76.7156356805453,2,3,9,Strong Match
0.3938928999058285,9.996024104733102,0,3,5,Weak Match
0.35337277099164993,15.570382443372427,0,1,8,Weak Match
0.60876834341063,77.2856957272584,0,3,12,Strong Match
0.3085982116175032,15.568438658631424,2,3,10,Weak Match
0.4567979909876529,59.41569856099423,2,3,9,Moderate Match
0.4548710029444659,42.172116370705425,1,2,14,Moderate Match
0.8827488034284987,77.13587854103599,7,4,11,Strong Match
0.445723022124302,29.38815457732287,5,2,6,Moderate Match
0.7660878538727168,77.60766302287088,0,4,8,Strong Match
0.04970296716048468,25.044875937934883,2,3,5,Weak Match
0.4309764512367636,51.61773644686095,1,3,6,Moderate Match
0.28866593867588675,39.13887274922122,0,2,8,Moderate Match
0.452906334800731,71.77108777581601,2,3,5,Moderate Match
0.20759552679160875,30.912189020316667,2,1,7,Weak Match
0.8695302230997155,53.11931721110221,4,4,8,Strong Match
0.46690634962934446,27.241848882120077,3,3,7,Moderate Match
0.12782624466627468,24.121850465672775,0,2,10,Weak Match
0.3288323154348075,60.66815965407277,7,3,6,Moderate Match
0.5997290487208481,42.571131260585844,3,2,15,Moderate Match
0.8929527946879339,60.769654185846726,7,4,10,Strong Match
0.11088077745847126,0.0,0,2,2,Weak Match
0.5686939254797946,89.01434336465731,10,5,7,Strong Match
0.02741932712094033,13.869224171972139,3,1,3,Weak Match
0.42876633270071407,40.82383857646165,0,2,8,Moderate Match
0.33213040322730125,39.03523605416365,0,1,8,Weak Match
0.3215898280408617,30.642647607053657,1,3,9,Moderate Match
0.13941391792411068,42.63253487448756,4,1,3,Weak Match
0.3897534930776867,37.702740560170014,4,3,7,Moderate Match
0.5090941516809778,56.04836101470946,7,2,7,Moderate Match
0.695025329957127,72.083988784094,3,4,15,Strong Match
0.6248975113880759,76.62316270239721,6,4,9,Strong Match
0.2513105798176083,18.885439868992993,2,3,2,Weak Match
0.4163189907759871,28.298604601264604,2,2,5,Moderate Match
0.5169992295026067,53.06407547977376,4,2,9,Moderate Match
0.7684861028177445,100.0,5,4,13,Strong Match
0.4162406931458144,52.93787004114821,4,1,7,Moderate Match
0.25225141052657574,27.020778650664205,3,3,1,Weak Match
0.8325940567171197,71.80746326139152,5,3,12,Strong Match
0.5313511045607123,45.169240285960164,7,2,11,Moderate Match
0.22658782296520485,16.759363167512856,1,4,4,Weak Match
0.5840754997905754,56.798154849287855,3,4,10,Moderate Match
0.10806154084135766,0.0,1,3,10,Weak Match
0.5206294085304731,75.37866306091969,3,2,10,Moderate Match
0.1417241342388418,0.0,1,4,7,Weak Match
0.19094667176958394,25.983763966828178,1,3,3,Weak Match
0.29025204557306666,26.29312477655385,4,2,2,Moderate Match
0.4466982113939237,76.81152235337642,6,3,7,Moderate Match
0.6329107424215841,80.24120117372495,3,3,8,Strong Match
0.9418747313934414,91.5187803545731,4,3,24,Strong Match
1.0,83.91981481057067,5,3,16,Strong Match
0.1248030668261181,18.17135277200058,0,3,5,Weak Match
0.784669205242159,65.55304614808253,4,3,8,Strong Match
0.18656912585294522,31.729699277917383,2,1,8,Weak Match
0.728891373650373,97.5433865468555,1,2,13,Strong Match
0.3738899663797579,33.746296609381545,1,1,2,Weak Match
0.519555980785629,56.56114843215033,3,3,10,Moderate Match
0.4443695305344979,58.6785715811237,3,2,11,Moderate Match
0.17060330523358178,21.1408089777032,0,2,7,Weak Match
0.9452154975069679,68.71452961075713,1,2,19,Strong Match
0.28132051867479774,18.652444836018297,1,3,6,Weak Match
0.5501555109539503,72.9522561268157,4,3,13,Strong Match
0.2963634721594927,64.21440259592202,4,3,14,Moderate Match
0.5996964762434629,77.77784236809133,4,4,10,Strong Match
0.7966310950532849,58.06175925277248,4,3,11,Strong Match
0.30958643687287685,26.772273873879726,4,4,7,Moderate Match
0.18955507814625286,19.97413932171987,1,3,2,Weak Match
0.4089538721694774,2.7080676745832957,1,4,5,Weak Match
0.7524548190935806,77.39714268661035,4,3,11,Strong Match
